chroma_stft_mean,rms_mean,spectral_centroid_mean,spectral_bandwidth_mean,generos
0.3500881195068359,0.1302279233932495,1784.165849538755,2002.4490601176965,Blues
0.3409135937690735,0.0959478095173835,1530.1766787460797,2039.0365160924305,Blues
0.3636371791362762,0.1755704134702682,1552.8118647610036,1747.702311667602,Blues
0.4047847092151642,0.1410930007696151,1070.1066149971282,1596.4128721770246,Blues
0.3085260391235351,0.0915287137031555,1835.004265512072,1748.1721158264984,Blues
0.3024562895298004,0.1034936383366584,1831.993939606849,1729.653286942999,Blues
0.2913279831409454,0.141874149441719,1459.366471695765,1389.00913118495,Blues
0.3079547882080078,0.131822183728218,1451.6670658428209,1577.2709414206283,Blues
0.4088792204856872,0.1424164921045303,1719.3689480431458,2031.7403810025385,Blues
0.2739503979682922,0.0813136622309684,1817.150863125721,1973.7733063015253,Blues
0.3039933145046234,0.1428650617599487,1409.9552556449528,1512.310265153822,Blues
0.367152065038681,0.0657406896352768,1352.6596654421635,1756.7797951648831,Blues
0.269391119480133,0.1190460547804832,1360.6411972395076,1567.56522502218,Blues
0.2647128105163574,0.113169826567173,1324.2932181481017,1828.0392544027388,Blues
0.3290363252162933,0.0670545324683189,1171.8482269140322,1705.5192986171533,Blues
0.2696904242038727,0.080624021589756,1420.3651651340072,1731.1642811796812,Blues
0.3041855692863464,0.081471748650074,1454.9639409753456,1825.797959693836,Blues
0.3021239936351776,0.093306079506874,1088.8442297527458,1410.9842594209651,Blues
0.2699322998523712,0.0797063708305358,1537.5876985238351,2054.529510695353,Blues
0.2573248147964477,0.0976597517728805,1195.4703757774469,1481.3188804548597,Blues
0.3026116192340851,0.0754744932055473,1390.3015575567931,1911.314580176003,Blues
0.3211003839969635,0.1011320799589157,1046.5500105240208,1481.0580892453977,Blues
0.3065367937088012,0.1134258508682251,1155.781220867788,1497.9642587628875,Blues
0.2808226644992828,0.1020351648330688,1209.9878628924062,1497.6915639530437,Blues
0.2631122171878814,0.0869472697377204,1120.0194669331925,1447.8898990912112,Blues
0.290959745645523,0.0892152190208435,1109.3527843880802,1463.217701555025,Blues
0.2783784568309784,0.0771101936697959,1198.4590845429225,1573.5002754703662,Blues
0.2887073159217834,0.0958101525902748,1391.8419520071109,1494.954574989432,Blues
0.2761554718017578,0.0996667742729187,1115.7282019411243,1399.09682547641,Blues
0.2803565561771393,0.1247364804148674,1648.8351694525163,2189.9858650908577,Blues
0.2631938457489013,0.1700620651245117,1379.189381936241,2004.2106632642003,Blues
0.2535532116889953,0.1515176445245742,1330.715617463902,1973.4105377017263,Blues
0.2762447893619537,0.1013213545083999,1309.382408069756,1883.042903228775,Blues
0.2606352865695953,0.1332135051488876,1430.4924328152892,2075.5012632225817,Blues
0.2623637914657593,0.1359353959560394,1537.0980205512035,2157.363048963345,Blues
0.2883848249912262,0.1733787208795547,1506.8728757224983,2096.692972758201,Blues
0.2333981245756149,0.1977468281984329,1247.3550297102445,1908.092151732952,Blues
0.2486340850591659,0.0691884383559227,1188.3081417864564,1682.835307654503,Blues
0.2658880949020386,0.1680838316679,1514.1006734453892,2141.0122340704743,Blues
0.2552458643913269,0.0858624801039695,1151.008992577037,1709.0839761116542,Blues
0.3979959189891815,0.1348919868469238,2272.4395473323143,2356.8065139298405,Blues
0.3868677318096161,0.129165843129158,2390.39009977241,2463.3082687467954,Blues
0.3775384724140167,0.1110012829303741,2301.609667012493,2367.518780747192,Blues
0.3989206254482269,0.1273855566978454,2155.879628754764,2372.1273736249072,Blues
0.390174925327301,0.1363209187984466,2278.9612516967195,2375.2487029331346,Blues
0.4294368028640747,0.1483584344387054,1739.134032915427,2290.407131885903,Blues
0.3879674971103668,0.1026016324758529,1913.0115998175,2361.735333193189,Blues
0.3364204168319702,0.1122592911124229,2013.0116652479703,2310.140449418871,Blues
0.3795294463634491,0.1239691078662872,2148.1976094245806,2204.331844572125,Blues
0.2775753736495971,0.0885868817567825,1318.1914651872387,1904.547956584331,Blues
0.4009360373020172,0.1823381781578064,1945.5331078931831,2081.878471910416,Blues
0.3936876654624939,0.1966755539178848,1977.2342507767992,1928.1088183371205,Blues
0.3390077650547027,0.0988821759819984,1443.8101061604452,1670.8506318254206,Blues
0.4124447405338287,0.1683437675237655,2171.445862789447,1954.4902598720168,Blues
0.4527457654476166,0.2009461224079132,2030.6571856229589,1987.383148016622,Blues
0.4329365491867065,0.1577416509389877,2032.001859230746,1976.3832347576235,Blues
0.3910510241985321,0.1378711462020874,1811.771254340093,2052.5062498487905,Blues
0.4243854582309723,0.1759753972291946,1886.9548087305848,1913.2586101558984,Blues
0.3566419780254364,0.161992609500885,2068.3584755845045,2034.1372405574823,Blues
0.4058392345905304,0.1699792742729187,2235.589429058707,2099.812076122724,Blues
0.4308072924613952,0.1963073313236236,1946.3310796193784,1979.9119618616169,Blues
0.4519388079643249,0.141725867986679,2503.94548833885,2180.550532894031,Blues
0.3118726313114166,0.1062848195433616,2280.276471978505,2119.8660015977293,Blues
0.3302313685417175,0.0962734967470169,2840.060760885935,2444.1894680781293,Blues
0.3326500058174133,0.1174324229359626,2553.361182654169,2280.266169662653,Blues
0.292837381362915,0.1003632396459579,2816.2257386186943,2371.9694142121566,Blues
0.3745931684970855,0.1104610785841941,2340.802465391952,2256.615102130941,Blues
0.3379056453704834,0.1291104853153228,2258.0093136888186,2175.940748059711,Blues
0.2898394167423248,0.1031172946095466,2513.3130174231983,2344.9847348985395,Blues
0.2920013070106506,0.1165231093764305,2371.480543831816,2210.070449826128,Blues
0.3228092193603515,0.1061368584632873,2159.3919998358315,2130.224380656796,Blues
0.3051750957965851,0.120559848845005,2428.92876695113,2286.7107801380644,Blues
0.3069658279418945,0.1039118692278862,2595.0823249210684,2519.1688215468994,Blues
0.3418802917003631,0.2597230672836303,2094.770098794409,2158.43282733175,Blues
0.3671615719795227,0.1970232725143432,2515.4624865561696,2531.268049309255,Blues
0.4665291905403137,0.1921139508485794,2224.11073732012,2254.8556747024654,Blues
0.3656257390975952,0.2190022617578506,2645.785682883694,2426.248037122265,Blues
0.4088881909847259,0.2432288527488708,2207.2191647229342,2191.664121020965,Blues
0.4141762256622314,0.25811767578125,2333.510453703183,2227.39975637196,Blues
0.4214355051517486,0.2709415853023529,2442.871409593545,2358.6150380411764,Blues
0.3682447075843811,0.2424658685922622,1827.2085001488213,1898.679904614823,Blues
0.3801354467868805,0.2482180595397949,2116.917658960695,1956.4159121316643,Blues
0.3391751945018768,0.2514062225818634,2141.518181873434,2168.297079865796,Blues
0.4272911846637726,0.2512422204017639,2314.927762066168,2261.811874917388,Blues
0.3961440622806549,0.2352475970983505,2060.7502905506763,2084.838436944134,Blues
0.3153082728385925,0.1501741707324981,1311.8487999488902,1673.7053271343557,Blues
0.3658605515956878,0.1249568089842796,1245.730096028976,1634.668746065616,Blues
0.3368588089942932,0.1580333560705185,1441.899256960002,1870.405400066029,Blues
0.3780271410942077,0.142042338848114,1006.6456939324206,1530.290844779337,Blues
0.3484747111797333,0.0528529174625873,798.4511724715967,1285.3625233974278,Blues
0.3776144087314605,0.1319008618593216,1612.5149449610838,1971.623034438336,Blues
0.4220561385154724,0.0994070097804069,991.3935127311216,1396.7940211423718,Blues
0.3909136354923248,0.0630842298269271,918.5851689491242,1437.735909578697,Blues
0.377606600522995,0.0658773109316825,570.0403547660414,995.716054001001,Blues
0.3766846060752868,0.1410689055919647,1239.195579826836,1659.84093266143,Blues
0.3699436783790588,0.1870931684970855,1388.635156780229,1773.023639709001,Blues
0.2605245411396026,0.0513995066285133,1132.1359575420695,1582.635546382416,Blues
0.3750623762607574,0.1983285993337631,1236.2307723409078,1601.921981272464,Blues
0.4429656863212585,0.1254554241895675,2310.49824049684,2206.5810112739164,Blues
0.3702147006988525,0.1050112918019294,1538.394496500457,1703.2818137002153,Blues
0.2523919343948364,0.0362448915839195,1505.1664239695376,1559.0057403444723,Blues
0.2149950414896011,0.0306251738220453,1360.6436715050725,1441.2431338982658,Classical
0.2779580950736999,0.0438595488667488,1490.2753639425312,1600.1157444641135,Classical
0.2342293113470077,0.0294420849531888,1526.6298823738107,1499.4393424163532,Classical
0.2215737551450729,0.0423163138329982,1705.5632594748906,1646.0640103279404,Classical
0.2685302793979645,0.0432622358202934,1431.0551928724476,1558.1129466265593,Classical
0.261474460363388,0.0332155711948871,1372.6378004260011,1579.2133273157162,Classical
0.2765380144119262,0.0409115105867385,1358.8507735998005,1516.24077188961,Classical
0.2547534108161926,0.0340448766946792,1516.83111776797,1629.7564323591969,Classical
0.2705242931842804,0.0238025952130556,1216.1877859259905,1582.8265880943743,Classical
0.24495530128479,0.0295106042176485,1497.3690865419842,1570.6423517911855,Classical
0.2430950552225113,0.0214912761002779,950.2545384089236,1112.8597253261505,Classical
0.2356157749891281,0.0314029566943645,1180.3834446153692,1332.222068551955,Classical
0.2321762442588806,0.0317273288965225,1387.9618032265548,1456.1411319411138,Classical
0.2340324819087982,0.0316253043711185,1279.434903021527,1370.555504225026,Classical
0.2166498750448227,0.0114332512021064,1371.28085849806,1562.1147258566575,Classical
0.219279795885086,0.008015458472073,1054.5457141605525,1455.6441872916032,Classical
0.256377637386322,0.0373628251254558,1358.547002173604,1417.623243450624,Classical
0.2390041798353195,0.0186967868357896,1157.9167442283674,1320.686232879541,Classical
0.2839931845664978,0.0079938452690839,1185.2101390744244,1525.3350634052297,Classical
0.2690434157848358,0.0384584479033947,1218.0647279249797,1353.524623130598,Classical
0.2667466998100281,0.0454797595739364,1371.0629154476965,1440.8059277727195,Classical
0.2762569785118103,0.0478893630206584,1211.1697476044014,1367.0610231789635,Classical
0.2672240436077118,0.0171499699354171,983.7246422989272,1404.0226621274403,Classical
0.2532781958580017,0.066700555384159,1253.1021072415497,1371.45287848749,Classical
0.297425627708435,0.0641007870435714,1184.1325500713592,1304.7053015563474,Classical
0.2457276135683059,0.0389271713793277,1278.5133569479156,1311.7960809111603,Classical
0.240692600607872,0.0284149125218391,901.6906629096736,1171.78364025238,Classical
0.2629137337207794,0.0626207813620567,1314.2821253878917,1371.398437504751,Classical
0.2468695342540741,0.0416550785303115,1559.019163275448,1578.7751885648108,Classical
0.2783702909946441,0.0297175366431474,1243.3447339713168,1358.5362852745266,Classical
0.303265631198883,0.0268061142414808,822.235829835543,1136.1922404793554,Classical
0.2831827402114868,0.0080447057262063,792.8812344356368,1205.2491316508836,Classical
0.3040646910667419,0.0123593444004654,1128.2526115022183,1375.763704782937,Classical
0.2739790380001068,0.0389121584594249,1369.4900886512185,1465.8630053127913,Classical
0.3191639184951782,0.0406704992055892,1016.1838686474184,1152.004639933518,Classical
0.2392768561840057,0.0159991774708032,1282.2856388021637,1503.503329998249,Classical
0.284150093793869,0.0415326431393623,1533.66823040485,1464.5177613008132,Classical
0.2944185435771942,0.0443481877446174,1279.2759794519593,1339.297620833193,Classical
0.2708035409450531,0.0128158666193485,1633.7200727741783,1735.0828274166224,Classical
0.2505998611450195,0.0197315961122512,1396.5924291389088,1525.4505144360933,Classical
0.2682406902313232,0.0212890058755874,1329.4383851552363,1415.7213924728874,Classical
0.2618308067321777,0.1341706663370132,1326.2034398354226,1326.4624260525256,Classical
0.1910173892974853,0.1153415739536285,1063.0746815809432,1552.2661855444117,Classical
0.2522919178009033,0.017926150932908,1181.3400969829445,1411.8816566977744,Classical
0.2361487299203872,0.1383545100688934,1176.4774630291588,1504.1278931635093,Classical
0.3468033373355865,0.1150993034243583,1878.382005168527,1964.6884089737723,Classical
0.258511483669281,0.0094953011721372,1173.88359068627,1517.225806354426,Classical
0.2963742911815643,0.1608574092388153,1513.8706372364393,1640.4926735768936,Classical
0.311586856842041,0.1238120794296264,2224.870163945009,2274.309912015473,Classical
0.2860925197601318,0.007976115681231,1170.028075880501,1595.365293667557,Classical
0.3813942372798919,0.0805386751890182,1527.629815786948,2079.6637015965525,Classical
0.3878121376037597,0.0554633028805255,2411.5866181146966,2435.920256618116,Classical
0.3041040301322937,0.1383577287197113,1462.3063000536993,1555.7954792054704,Classical
0.3195151686668396,0.1741567999124527,1702.263183861469,1602.833268069444,Classical
0.18659408390522,0.0130629809573292,1079.408764413787,1388.3786404626733,Classical
0.3130445182323456,0.1898296922445297,1681.22547321384,1708.5929790860298,Classical
0.2538405656814575,0.0167858600616455,1751.1195628510188,1929.7887817699857,Classical
0.2656057775020599,0.0300055295228958,1137.9955297131803,1480.5663879559968,Classical
0.2826412916183471,0.0691473186016082,1551.1980314673465,1651.166213432087,Classical
0.3053317070007324,0.0687548145651817,1803.9121542515827,1898.3329302679665,Classical
0.2817732095718384,0.0481956303119659,1322.0704415985415,1590.4156150419078,Classical
0.3201695382595062,0.038936611264944,1474.6678518921717,1813.1150198377748,Classical
0.2268728613853454,0.020146258175373,690.2008583146431,1358.39767779195,Classical
0.1990084499120712,0.0125614739954471,1117.8503357890468,1944.5079022273208,Classical
0.2071802616119384,0.0292432103306055,828.7510282027442,1325.4749706428076,Classical
0.1870638728141784,0.0317943878471851,794.9550523902033,1295.5050815080424,Classical
0.2673612833023071,0.031722467392683,1117.9923093935986,1701.5954395378842,Classical
0.2572900950908661,0.0573766529560089,1559.8689033036003,1616.1109335321537,Classical
0.2366361767053604,0.0291503965854644,1349.2750136365898,1522.8068193196475,Classical
0.2441882044076919,0.0319445244967937,1355.5040220465617,1615.200722014902,Classical
0.2080796957015991,0.0516805201768875,1397.4372725407006,1574.496203293957,Classical
0.2793487012386322,0.0207243673503398,1285.145711575264,1659.9743894878304,Classical
0.2163192182779312,0.0438086539506912,1211.6130429168547,1337.900713277209,Classical
0.2374052107334137,0.0373147539794445,1360.153923471902,1572.601835107163,Classical
0.2173613160848617,0.0164787154644727,1171.4623081533855,1466.8463019068884,Classical
0.2603875696659088,0.0588159747421741,1340.6423820206642,1539.0449815202196,Classical
0.2190362811088562,0.0167533103376626,811.5604155421513,1008.5172345706964,Classical
0.2251500785350799,0.006629291921854,715.3997068104165,1030.4152640068048,Classical
0.2176304757595062,0.018837695941329,789.4212072363385,898.0662077537447,Classical
0.4379059374332428,0.0052764443680644,971.7773909688176,1614.7492952772816,Classical
0.2668268978595733,0.0165461190044879,1213.9717123940766,1539.5926858899438,Classical
0.2827275693416595,0.0430018045008182,1415.2612463169878,1448.739503781716,Classical
0.2448527216911316,0.0418846793472766,852.7957557019602,997.1589913136994,Classical
0.245793417096138,0.0220114514231681,1001.738329816786,1151.3275533058668,Classical
0.3097789287567138,0.0388996005058288,1525.7810336955597,1588.2231373428465,Classical
0.3120684325695038,0.0315096750855445,1356.1549279503429,1494.6459667999225,Classical
0.274358183145523,0.0214698426425457,876.9834292869848,1108.5245626680696,Classical
0.2943689823150635,0.0282750818878412,1303.8905870850056,1456.3211090230636,Classical
0.2172875553369522,0.0351342819631099,2423.299494201251,1884.688604785503,Classical
0.2159013897180557,0.023853251710534,2172.1382928954195,1883.3500660800648,Classical
0.225918710231781,0.0447676591575145,2192.650290158105,1911.8261569498031,Classical
0.1811374276876449,0.0841498225927352,1807.88989115406,1439.107301846046,Classical
0.2269280552864074,0.0824917182326316,1623.8519279187194,1551.4158653452314,Classical
0.3688774406909942,0.0139905586838722,1423.4579191374964,1696.5632329668856,Classical
0.2276929914951324,0.0135638359934091,1800.8886921601006,1781.0685018456504,Classical
0.2930520176887512,0.056986678391695,1933.689602078464,1740.491088391426,Classical
0.2222650796175003,0.0367200635373592,1494.4198208263692,1671.195986271658,Classical
0.2899193465709686,0.0290937311947345,1952.4955106143584,1865.7376170361988,Classical
0.3339084684848785,0.0105055281892418,1525.1238505471035,1869.05626131427,Classical
0.3840266764163971,0.248418390750885,2797.844810465822,2847.5518867723817,Classical
0.4140324890613556,0.2305164784193039,2938.155358204135,2839.6576888645623,Country
0.2970454692840576,0.1465864032506942,2308.673365080469,2618.6070963310763,Country
0.3768944144248962,0.2043635845184326,2174.033868930845,2280.8886059792026,Country
0.3827809989452362,0.2094975709915161,2966.0860947459514,2848.1067485730414,Country
0.4160605669021606,0.2039256244897842,2926.2933111397347,2736.7963801479623,Country
0.4214858114719391,0.2141377180814743,2807.798623323479,2778.260075110524,Country
0.421538382768631,0.2441990375518798,2898.717713090442,2878.9814413851964,Country
0.3553020358085632,0.2745161950588226,2505.711892214252,2574.2981184736086,Country
0.4296525120735168,0.2365542501211166,3191.1974627895097,2948.001830043803,Country
0.2915408015251159,0.074700653553009,1861.2904354497373,2127.16059125481,Country
0.3009022772312164,0.0784988552331924,2839.2887217882185,2798.5660016925626,Country
0.2965644001960754,0.1269638240337371,1667.439236105422,2052.6236940061167,Country
0.3680890500545501,0.080048456788063,2811.73987219857,2841.675897037212,Country
0.3649820387363434,0.0926449373364448,2952.856255223707,3036.428126648167,Country
0.3794479072093963,0.1048010438680648,1958.677389724351,2146.4167279361072,Country
0.3224887549877167,0.0798465684056282,1425.9164769253473,1648.3861020230893,Country
0.3573404252529144,0.088725134730339,1470.1888295787132,1960.158256724041,Country
0.3700265884399414,0.0967935100197792,2068.686361980023,2370.0947773521034,Country
0.3156519830226898,0.0820891335606575,1138.713246641952,1462.1855042864477,Country
0.3652931749820709,0.105212315917015,2407.100634971337,2531.19431475759,Country
0.2892020344734192,0.1098643913865089,1044.0462117419274,1392.7596296581896,Country
0.3215033710002899,0.0751567184925079,1719.3092365788868,2142.286763087528,Country
0.3053719103336334,0.0389201454818248,1494.6650899636236,2330.9190470152776,Country
0.2703538537025451,0.0965822786092758,1738.888673783788,1907.2559366994776,Country
0.3472941517829895,0.079897329211235,1564.759947167845,2015.519555922464,Country
0.329897791147232,0.1005648151040077,1269.4499677914682,1700.8752383095816,Country
0.3918275237083435,0.1166444346308708,2011.6423244781847,2140.3568104888227,Country
0.3182273507118225,0.0941119641065597,1474.196472269433,1885.9949576691745,Country
0.3099286258220672,0.1171081289649009,1214.048919472668,1555.3399379705984,Country
0.2214398235082626,0.0795975401997566,1240.558750768216,1996.8315147869105,Country
0.3133991956710815,0.1008553057909011,2053.2290886505566,2187.7594116569194,Country
0.3310410976409912,0.0605246238410472,1823.0687937358653,2205.69158346877,Country
0.3169027864933014,0.10464458912611,2456.633122147884,2387.4789254577304,Country
0.3590630888938904,0.0782553777098655,2614.438372812534,2655.955820768878,Country
0.3758743703365326,0.0999771058559417,2321.8715325246903,2545.325000289773,Country
0.3447217643260956,0.0227816253900527,1827.591866027084,2050.071063884919,Country
0.3739461898803711,0.0720960348844528,2068.5882784767914,2437.514585942084,Country
0.3674087226390838,0.0909272730350494,2859.975602065876,2919.6640658552164,Country
0.4376552700996399,0.0963778868317604,3760.290663960851,3052.840652198352,Country
0.373474508523941,0.1090320348739624,2449.980730793748,2560.526326303944,Country
0.3978546857833862,0.1133007779717445,2634.080774456828,2898.541576425216,Country
0.3916279971599579,0.1177095770835876,2387.916720230093,2716.601240367996,Country
0.4030801355838775,0.0950362607836723,2530.388880021283,2491.2397858305826,Country
0.3601006865501404,0.1137002259492874,1729.6277598310403,2247.42618982567,Country
0.3455141186714172,0.1466402113437652,2777.382854888532,2647.7099685583617,Country
0.3742366433143616,0.1033316478133201,2109.2888337081827,1933.7452753669115,Country
0.3103597462177276,0.0906540676951408,1783.961051767401,1839.9189279291804,Country
0.311064213514328,0.1169326528906822,1939.764241843536,2482.512912543302,Country
0.3238537907600403,0.1435869932174682,1599.8152554101518,1826.192506094021,Country
0.3511437773704529,0.1094271689653396,1780.1519183147395,2036.28651918746,Country
0.2747034132480621,0.0903624072670936,1552.852535410727,1848.580395903006,Country
0.3288068771362304,0.0695257782936096,1115.4542649777077,1662.6182579390002,Country
0.373361200094223,0.1335852891206741,2271.807570154346,2297.4173605970595,Country
0.312862366437912,0.1043269038200378,1654.202272284551,2105.3837070974305,Country
0.3570533990859985,0.1550333052873611,1881.2994302088896,2116.2036640572283,Country
0.3192198872566223,0.1362437158823013,1468.4190609116015,1960.5669646945169,Country
0.3150411546230316,0.1301541477441787,1741.7395076824598,1985.5992156442608,Country
0.3481647968292236,0.1638967990875244,1796.7771455357924,2148.8660300317583,Country
0.2843275964260101,0.145493671298027,1535.2795344590563,2011.7624481095525,Country
0.3420780301094055,0.1410314738750457,1373.672817662343,1930.766586183272,Country
0.3145496845245361,0.1072588562965393,1397.8216063370946,1896.363950401924,Country
0.390517920255661,0.1301512569189071,2166.471557095469,2277.39331464768,Country
0.3338966369628906,0.1314766705036163,1614.7481553933535,2016.9860817670349,Country
0.2633974254131317,0.0825695693492889,1511.6510939715406,1865.562603256125,Country
0.2828317284584045,0.1105702444911003,894.1632061211116,1195.5041325262089,Country
0.3206411898136139,0.1365132331848144,1701.91907234896,1709.530314477341,Country
0.3211699724197387,0.0554357282817363,857.6385822973483,1238.0297358513112,Country
0.3493403494358063,0.0834778398275375,1130.954293248005,1458.516754882245,Country
0.3522500097751617,0.0871907174587249,1327.6835009450767,1632.8132879465795,Country
0.3653284609317779,0.1443820297718048,1934.746539117464,1970.1453736582373,Country
0.2926157116889953,0.1184152960777282,1261.4725706259774,1396.4742546064238,Country
0.3449936807155609,0.1566895395517349,1711.2823134696316,1873.545126868759,Country
0.3748790025711059,0.0958582609891891,1549.0049755952064,1823.8118443639555,Country
0.3550249636173248,0.0823368579149246,1534.025676589064,1697.0711819286032,Country
0.3718628585338592,0.1797410994768142,2187.086711351461,2242.076727231109,Country
0.2972587049007416,0.1283528506755828,1321.163087522188,1409.3117995329897,Country
0.3373612463474273,0.1314976960420608,1512.9985603792006,1558.1139623911931,Country
0.3763606548309326,0.0433549806475639,1144.7179186044264,1443.9700378494676,Country
0.3103309273719787,0.1153411865234375,963.4905601645274,1235.4158567095774,Country
0.3876135051250458,0.1532734334468841,2049.045781101912,2187.8226690897964,Country
0.3784409761428833,0.1678869873285293,2102.3281888392166,2152.7652938002825,Country
0.3860301375389099,0.1665889173746109,2253.352182532848,2261.535684129344,Country
0.3185363113880157,0.1310582756996154,1436.0750491855931,1729.6708462141694,Country
0.3198367357254028,0.1806954741477966,1964.8428801488071,2036.3820984889107,Country
0.337893396615982,0.1354954242706298,1596.3075160275191,1853.31621095918,Country
0.3722196817398071,0.1336390972137451,1879.4005199035505,2085.5153024104443,Country
0.3285036385059356,0.1086267679929733,1591.292872476854,1806.873242315924,Country
0.3537356853485107,0.1526851952075958,1622.736351486978,1963.3566141583224,Country
0.3221817314624786,0.1046939641237258,1321.5949691094015,1667.1728952920016,Country
0.3713018894195556,0.1474513560533523,1927.414343379996,1972.1414416206887,Country
0.3534350097179413,0.0895048901438713,1563.328275078701,1779.124742216491,Country
0.3704802095890045,0.1765342950820922,2335.07328909346,2212.5758748953926,Country
0.2510880529880523,0.0925519987940788,1537.6491944018826,1716.1097370572531,Country
0.366813987493515,0.2067791372537613,1474.633907805747,1745.5164994731538,Country
0.3288687765598297,0.1753369867801666,1557.6838950873705,1762.1843713886456,Country
0.3257450759410858,0.2181294560432434,1754.279131482533,1861.89171046894,Country
0.3480777442455292,0.1531419157981872,1560.9704395228032,1782.6630179327406,Country
0.2708181738853454,0.1763221770524978,1425.0102958845057,1690.948858190187,Country
0.3808384835720062,0.2208106964826584,2157.477061355517,2160.389366514926,Country
0.4454765021800995,0.1421838998794555,2297.869205004395,2565.714337933429,Country
0.4106862246990204,0.1772209256887436,3292.625966945947,2768.043873877296,Disco
0.4120789766311645,0.1613253057003021,3592.1012577762776,3398.440463077854,Disco
0.495037168264389,0.196364477276802,3045.7695051132,2720.353315568026,Disco
0.3821069300174713,0.1145965158939361,3328.485123779752,3111.695357045901,Disco
0.448049932718277,0.2069209218025207,2722.7441876547605,2569.340181266848,Disco
0.4739753305912018,0.1919864565134048,2848.3484036039818,2490.6128872713102,Disco
0.4315803945064544,0.1596560925245285,3098.981629103861,2728.194666882162,Disco
0.4542774260044098,0.1905459761619568,2801.6483406549696,2423.623085395676,Disco
0.442017525434494,0.1190622672438621,3016.96214464188,2623.431121410353,Disco
0.4376908838748932,0.2329629808664322,2877.3249689743534,2623.9187736469844,Disco
0.3734517693519592,0.1889525949954986,3132.818574933688,3007.973384269933,Disco
0.4283207356929779,0.1756594777107238,2737.426247323321,2613.831914886852,Disco
0.4212251603603363,0.1708529144525528,3391.382979030728,3108.91643547706,Disco
0.4361645877361297,0.1738151758909225,3087.386904869757,2812.593397276183,Disco
0.4149116277694702,0.2159783989191055,2362.1999951747694,2806.7259624880908,Disco
0.4352490305900574,0.2057725638151168,2520.400966509234,2562.657871891264,Disco
0.4044994115829468,0.1161289066076278,2564.319118061095,2669.9292536235307,Disco
0.3698973953723907,0.1388271003961563,3042.884603420503,3000.391639152534,Disco
0.4450418353080749,0.1470512002706527,2117.530159147441,2143.855211469565,Disco
0.3425062596797943,0.1245862394571304,2116.927274597057,2114.133668942852,Disco
0.4013673663139343,0.111416682600975,3248.6133322702376,3305.0049708845363,Disco
0.4365462362766266,0.1368904262781143,3708.046287535484,3249.645635361001,Disco
0.4353309869766235,0.1782562881708145,3167.5676546703503,2934.8962699321,Disco
0.37272709608078,0.1429800987243652,2624.5953730379574,2709.710232952532,Disco
0.3580080270767212,0.1079154536128044,2410.1827466667305,2575.801114233163,Disco
0.4012795984745025,0.1430795937776565,3043.4814904722807,2969.132679150249,Disco
0.4852269291877746,0.115638867020607,2908.392060756294,2990.0664666833413,Disco
0.4831115305423736,0.1725804507732391,3715.271351069296,3188.972877834304,Disco
0.3840029239654541,0.1476060152053833,3074.942777552132,3031.5916966449754,Disco
0.4501512348651886,0.170026496052742,3167.8337523397327,3047.7364112328064,Disco
0.4172124862670898,0.115770973265171,3256.7740354745392,2898.21506116307,Disco
0.3683449625968933,0.111073337495327,2446.9190771478084,2449.159840250454,Disco
0.391887217760086,0.1570010632276535,2450.0500752194566,2387.5784088134096,Disco
0.3576630651950836,0.1229035183787345,3653.609029284893,3234.1223835329497,Disco
0.4023075401782989,0.1525747776031494,3623.362916853546,3229.512746044019,Disco
0.434573084115982,0.1731330752372741,3347.8844806862858,3013.058739588925,Disco
0.4544717669486999,0.1640261709690094,3637.194459042794,3198.9047721643133,Disco
0.3706020712852478,0.1131540238857269,3353.272603716506,2986.859802148574,Disco
0.3410526216030121,0.1243307366967201,2327.861966296338,2431.187708053568,Disco
0.4208872318267822,0.145182266831398,2606.215651844842,2534.0660658987217,Disco
0.3557089865207672,0.1754993498325348,1776.08433338699,2452.269279484965,Disco
0.3940215110778808,0.1360112875699997,2403.569442471179,2394.705500692977,Disco
0.4201892912387848,0.1737182140350341,2874.940334521945,2760.083606513166,Disco
0.3669142723083496,0.1489730328321457,2329.9901338015047,2436.9654600601425,Disco
0.4073350727558136,0.1354817301034927,2248.003750588597,2368.66950665717,Disco
0.3763407468795776,0.1130586341023445,2259.5655416138134,2273.0513336182707,Disco
0.2201753109693527,0.0470071695744991,1710.8693138583706,1620.1912039536537,Disco
0.4097993373870849,0.1123151704668998,2617.358915163895,2156.5754362726707,Disco
0.4212601482868194,0.2095554023981094,2396.997938613417,2208.669827288799,Disco
0.4511117041110992,0.1590265780687332,2375.876794890427,2258.2296779446306,Disco
0.460378885269165,0.1063893735408783,2650.631198195173,2308.758149337269,Disco
0.416317731142044,0.1253658533096313,2590.6506858720963,2162.7992255179684,Disco
0.4678385853767395,0.1726531684398651,3078.378082558208,2709.910737704526,Disco
0.4011896252632141,0.0521847233176231,2565.316235691943,2533.0421208483085,Disco
0.463186115026474,0.121532917022705,2107.895519705964,2071.8428861085213,Disco
0.3583459556102752,0.0762133076786995,1754.6271048849226,2042.3131925819443,Disco
0.3701460659503937,0.0762138217687606,1937.5225305675287,2099.6218099016387,Disco
0.4173424541950226,0.1222548335790634,2217.982601779682,2245.2339976924723,Disco
0.4036504328250885,0.1169466748833656,2279.919739642909,2269.888359677292,Disco
0.4348111450672149,0.1145268082618713,1974.340405198489,2089.423664810342,Disco
0.3233202397823334,0.1844530701637268,2549.0149773560206,2484.9299633672995,Disco
0.4268376231193542,0.1511131078004837,2387.4656343313104,2190.8605925807474,Disco
0.5480401515960693,0.2940036058425903,2583.568497339002,2626.625663741174,Disco
0.3882597088813782,0.0922425091266632,2144.753940827811,2403.818899312193,Disco
0.471098244190216,0.1853893846273422,1886.637315085944,2190.33986135215,Disco
0.4507315158843994,0.1697233468294143,2492.4893174259964,2277.4708605957467,Disco
0.3648950159549713,0.0913863033056259,2541.812406998908,2289.47478998692,Disco
0.4161804616451263,0.1068369075655937,2955.968199644237,2599.6175874305213,Disco
0.3891928791999817,0.1116313859820365,1931.0820693571795,2209.1509972933463,Disco
0.4555670917034149,0.1110583767294883,2449.2339522954258,2311.5460948499785,Disco
0.4354996979236603,0.0981523469090461,2808.912510129241,2530.9206332867434,Disco
0.4342259764671325,0.0845455527305603,2902.7590094113057,2302.1186187457174,Disco
0.4463262557983398,0.0955570042133331,2847.326966502497,2460.1780961218296,Disco
0.4029155075550079,0.1776878833770752,2648.735088173792,2384.066506139413,Disco
0.4291898906230926,0.1109771952033042,2690.414589129393,2480.3187534089325,Disco
0.3532658219337463,0.1242803931236267,2251.4537288846423,2164.45817364848,Disco
0.4156816303730011,0.2067382037639618,2309.203495549848,2278.1119856263963,Disco
0.3319040238857269,0.0682388991117477,2218.6638194730544,2306.8300977746667,Disco
0.4528494477272033,0.0847965106368064,2292.2755481579,2348.135528164255,Disco
0.3885461091995239,0.0592420995235443,2144.366952477486,2414.49415436384,Disco
0.358244776725769,0.0787653997540474,2292.713829353857,2208.658531836324,Disco
0.4228900372982025,0.1810090392827987,2577.110522619017,2387.412266861988,Disco
0.4141053259372711,0.0875905379652977,1959.0059614673164,2210.5228234306014,Disco
0.503477156162262,0.0620131716132164,2455.0657634698086,2099.940269748942,Disco
0.5681706666946411,0.0892286300659179,3004.2729317540643,2745.8781549427586,Disco
0.3950679302215576,0.1653669029474258,1867.6993341872776,1874.6804030737887,Disco
0.384719580411911,0.11929951608181,2139.6395387037146,2190.239650399955,Disco
0.3979275226593017,0.119056612253189,2238.58818835185,2023.3042912044075,Disco
0.4297175109386444,0.1003831699490547,2128.799104906264,2108.702276747743,Disco
0.4852291047573089,0.0906610935926437,2574.4543432000123,2396.480081462998,Disco
0.4167321324348449,0.1737753301858902,2038.1503574198653,2079.968107947891,Disco
0.3706847727298736,0.1067119091749191,2457.290748385778,2400.4544042596976,Disco
0.4074063897132873,0.1533585041761398,2460.6304129362,2302.345122419003,Disco
0.4168207943439483,0.0993936359882354,2207.386073293734,2353.334091840657,Disco
0.4679374396800995,0.0984584093093872,2486.6760856755177,2275.55707886897,Disco
0.4166147112846374,0.092015229165554,2481.466512502357,2178.4349323568654,Disco
0.4149725139141083,0.1081843450665474,2825.8911954514483,2680.1557721433905,Disco
0.4409950673580169,0.122678056359291,2417.7573626947355,2431.8886687175373,Disco
0.4409950673580169,0.122678056359291,2417.7573626947355,2431.8886687175373,Disco
0.4607284069061279,0.1252747327089309,2667.940502391169,2351.1607441175047,Disco
0.4572514593601227,0.2855213284492492,2808.849566572306,2441.508001555252,Hip Hop
0.4042552709579468,0.0935159400105476,1490.1565469614682,1909.9785257121512,Hip Hop
0.4672884345054626,0.26641845703125,2492.8602336717045,2330.007272392874,Hip Hop
0.4492203593254089,0.2007095515727996,2372.0679525654414,2358.265791596079,Hip Hop
0.490561693906784,0.2617201209068298,2709.3043323151933,2510.7334532919253,Hip Hop
0.4639833271503448,0.2708785533905029,2858.0725271560427,2639.6660639887145,Hip Hop
0.4326165616512298,0.2639992237091064,2046.5915966338584,2268.578382239071,Hip Hop
0.4536229074001312,0.1418302506208419,3070.761702482193,2349.6696469020103,Hip Hop
0.5606098175048828,0.2157953232526779,2200.0376855218474,2285.6126962078924,Hip Hop
0.4272348284721374,0.1716704070568084,2284.243390096508,2116.458981520726,Hip Hop
0.4440117478370666,0.2037734985351562,2095.4208239067048,2241.060906256248,Hip Hop
0.358805239200592,0.1989244371652603,1976.886423508229,2110.142304685616,Hip Hop
0.3403002321720123,0.1367334127426147,1798.6451959001313,1688.3213168364578,Hip Hop
0.4896990954875946,0.1852236837148666,2436.4138649263323,2117.1555792781974,Hip Hop
0.4238881170749664,0.1401759386062622,2397.185695487868,2346.247208542598,Hip Hop
0.4674638509750366,0.2078583091497421,2432.409998203846,2247.19750559333,Hip Hop
0.4811076521873474,0.1914510279893875,2145.00601651806,2358.90959772834,Hip Hop
0.4616943299770355,0.1655362248420715,2677.0161578799484,2337.2612694899885,Hip Hop
0.4320460259914398,0.2259290218353271,2470.2744719993443,2410.152684766371,Hip Hop
0.4901687800884247,0.1759265661239624,2678.321538899097,2262.5934288534045,Hip Hop
0.4300035238265991,0.2419403791427612,2406.175123701772,2268.9509882341217,Hip Hop
0.4395391047000885,0.1735763549804687,2025.565005791413,2272.735162534201,Hip Hop
0.3818584084510803,0.190576821565628,2240.3022291407915,2193.9904537089265,Hip Hop
0.4309248626232147,0.1786216497421264,2517.926000297384,2163.7792876261933,Hip Hop
0.5073554515838623,0.2516586780548095,2305.4230896584504,2227.242218935941,Hip Hop
0.4755860269069671,0.1645843237638473,3460.3049822215926,2917.582835830427,Hip Hop
0.4277687966823578,0.1350645124912262,2639.5729778074538,2632.431440971456,Hip Hop
0.3744789958000183,0.1545766144990921,2773.9565665279183,2700.3971696130843,Hip Hop
0.4394577741622925,0.1667228192090988,3127.0197356744848,2853.56566418754,Hip Hop
0.5390961170196533,0.193977415561676,3725.1985989619184,3205.355741922805,Hip Hop
0.4798058569431305,0.2131300866603851,3084.76186419123,2970.5911856275543,Hip Hop
0.4754365384578705,0.1345447599887848,2145.7496112926738,2441.648880929192,Hip Hop
0.5000749826431274,0.2141846418380737,2987.722248737028,2731.8239521672613,Hip Hop
0.4710885286331177,0.2275740504264831,3191.7829624873807,2735.385821568541,Hip Hop
0.5295644998550415,0.1920160800218582,2827.1825932500647,2834.0219850248795,Hip Hop
0.5177503824234009,0.0899739116430282,2967.125657791614,2556.7861385337446,Hip Hop
0.4091854691505432,0.1585788577795028,3785.403949374848,2835.0959039399995,Hip Hop
0.3983396589756012,0.2698596119880676,2208.645680679573,2215.028675751198,Hip Hop
0.3928118348121643,0.1845345944166183,2693.20292794237,2937.743987232301,Hip Hop
0.345766007900238,0.1308528035879135,2457.193778671769,2790.148358370192,Hip Hop
0.4253970384597778,0.1869395673274994,2702.621719517881,2666.607228042131,Hip Hop
0.4494511187076568,0.2491888403892517,2896.9424469472465,2759.758425604596,Hip Hop
0.444661021232605,0.136370912194252,1846.294039564573,2233.0563379081345,Hip Hop
0.3543922007083893,0.0391773395240306,2507.1361007509568,2322.376035763772,Hip Hop
0.3928118348121643,0.1845345944166183,2693.20292794237,2937.743987232301,Hip Hop
0.492277592420578,0.2281522452831268,2306.784654638456,2601.2243148402704,Hip Hop
0.4493338167667389,0.2470934838056564,3235.5740417629454,3272.075075956476,Hip Hop
0.4162625968456268,0.2303320467472076,2345.2702381605814,2682.1362114986823,Hip Hop
0.484343409538269,0.288833886384964,3085.470365896765,3055.6756250091084,Hip Hop
0.4270693063735962,0.2737922072410583,1683.2948876609742,2427.4386159846563,Hip Hop
0.3934247195720672,0.2440556734800338,2500.421635269264,2578.1745303134044,Hip Hop
0.4611786901950836,0.1100279316306114,2595.6215203861184,2881.397393405988,Hip Hop
0.5068262219429016,0.1089681684970855,3079.127910757477,3220.914516720684,Hip Hop
0.4469508230686188,0.1242189705371856,3258.4154378242924,3321.4307427101025,Hip Hop
0.390397846698761,0.1337987184524536,1734.6325446299302,2055.193625216795,Hip Hop
0.4916582405567169,0.1666397154331207,2355.7292443702736,2497.062588350059,Hip Hop
0.4003952145576477,0.2247770428657531,1811.189881869206,2279.294651223689,Hip Hop
0.5061637759208679,0.1304527819156646,2677.808848150028,2414.512713293913,Hip Hop
0.4997234344482422,0.1512997299432754,1948.9375300178883,2286.013830786501,Hip Hop
0.4395285844802856,0.1803137809038162,1716.9407789906877,2051.7808779129705,Hip Hop
0.4735472202301025,0.1556059718132019,1811.362843685168,2200.8520507425123,Hip Hop
0.4718393683433532,0.1908626407384872,2449.056972369084,2508.0088705303256,Hip Hop
0.445558488368988,0.1860881000757217,2670.9590496633355,2494.653283437013,Hip Hop
0.4080923497676849,0.2360553592443466,2429.6681661867387,2575.161085976854,Hip Hop
0.4185700714588165,0.2071487009525299,2446.855385943406,2779.644015625035,Hip Hop
0.4095302522182464,0.1897737383842468,2244.6928416770315,2483.63760677484,Hip Hop
0.4982671737670898,0.2180105745792389,3053.718062123279,3025.0942121000785,Hip Hop
0.4220911264419555,0.2288438826799392,2544.7837861316216,2748.056547059328,Hip Hop
0.489331305027008,0.2719387710094452,3297.406172657966,3138.5970213014125,Hip Hop
0.4308995604515075,0.2789468169212341,2500.6052835487426,3049.3717729932737,Hip Hop
0.4038450121879577,0.2470323890447616,3184.9217868977203,3285.4224602982795,Hip Hop
0.4379338920116424,0.2528899312019348,1821.5197612413365,2522.0605686202134,Hip Hop
0.4224089086055755,0.3004069626331329,2566.8514348864305,2942.4740741454148,Hip Hop
0.4739093780517578,0.2083721756935119,2774.6105233551893,2712.351068947506,Hip Hop
0.4511508047580719,0.1916459500789642,3140.810674260539,2849.98090894051,Hip Hop
0.4246054589748382,0.2371995151042938,2327.6845787701927,2626.7772810515817,Hip Hop
0.4608964025974273,0.2386341094970703,2987.6246315223584,2900.287238250318,Hip Hop
0.4246054589748382,0.2371995151042938,2327.6845787701927,2626.7772810515817,Hip Hop
0.4273597002029419,0.1548399329185485,3211.823402843967,2833.4449971405074,Hip Hop
0.4038399457931518,0.141423150897026,3377.753402234906,2997.025252808212,Hip Hop
0.5205440521240234,0.0864637717604637,1470.3116285520296,1954.8852605775928,Hip Hop
0.5035679936408997,0.1023021712899208,2291.140721366169,2182.003844989289,Hip Hop
0.4477661252021789,0.1106709912419319,2367.6617218034994,2302.853072663468,Hip Hop
0.513272762298584,0.0658933073282241,2044.0534128740003,1933.4187157977071,Hip Hop
0.4766227900981903,0.1062449067831039,2607.8277416961105,2391.993947503541,Hip Hop
0.4797452688217163,0.0790707245469093,2083.43225029786,2198.183089926703,Hip Hop
0.5837064385414124,0.1080398634076118,2473.157340416126,2499.7214212152844,Hip Hop
0.4600233137607574,0.1185619458556175,2694.8775197799505,2389.286158429103,Hip Hop
0.4984054267406463,0.1207509040832519,2669.979675748535,2396.672280982218,Hip Hop
0.482576459646225,0.1092228144407272,2272.772901637457,2327.284514366882,Hip Hop
0.5337244868278503,0.1136025935411453,2628.952414651704,2350.814868969156,Hip Hop
0.4779579639434814,0.1226314529776573,2329.947060659082,2663.9389944156296,Hip Hop
0.4765771627426147,0.0672507137060165,3185.47779595642,2603.788010919172,Hip Hop
0.4589996337890625,0.1107695326209068,1929.734081365856,2249.504858365244,Hip Hop
0.5624470114707947,0.1034677624702453,2735.775141441868,2295.702995168984,Hip Hop
0.4247977435588836,0.1108286008238792,1752.6267888161806,1812.0434982103184,Hip Hop
0.474048912525177,0.1184973493218422,2582.20395396858,2526.3310569502164,Hip Hop
0.5333131551742554,0.1191109344363212,2538.74738820736,2341.475858447885,Hip Hop
0.4308090209960937,0.1536910384893417,1962.680819465492,1916.8137114980457,Hip Hop
0.344511479139328,0.046746551990509,1503.8694855583212,1754.2160817708136,Hip Hop
0.3279922306537628,0.0227950103580951,1266.5828637839495,1691.4367181057296,Jazz
0.2677288353443146,0.0808471515774726,1064.6686670420763,1050.3234233709163,Jazz
0.3192539811134338,0.0594671815633773,813.063333673506,1058.8923830562044,Jazz
0.1719392091035843,0.1087761297821998,1039.2631062071569,1421.9980442568951,Jazz
0.2481896579265594,0.107565127313137,1268.3253083918871,1546.2374387559762,Jazz
0.2748771607875824,0.0986246615648269,1219.4930134424178,1459.0661503443014,Jazz
0.1972312927246093,0.0938271284103393,1169.7404087068087,1355.3964617790184,Jazz
0.3573435842990875,0.118549533188343,1304.5886176531867,1636.829731592844,Jazz
0.2671921849250793,0.0853575393557548,749.3539040730334,1211.148039215557,Jazz
0.3296292424201965,0.0641705393791198,829.4674018361079,1037.69535636231,Jazz
0.3004924654960632,0.0712074339389801,1825.673656909545,2108.228183711127,Jazz
0.3637768924236297,0.0375516451895237,1650.852353802679,2040.694126981469,Jazz
0.3143246173858642,0.0554824024438858,1789.9827260904644,2312.885935076776,Jazz
0.1986708343029022,0.0393267087638378,1171.5565678358992,1278.0509345640637,Jazz
0.3327581286430359,0.0623952411115169,1782.2239999032215,2061.905524535424,Jazz
0.2495352178812027,0.0605603568255901,1465.857446498189,1738.85890182699,Jazz
0.345406174659729,0.0498622171580791,1934.1648175694995,2187.12031405705,Jazz
0.3534735739231109,0.0522635839879512,1993.352765988369,2127.165109348559,Jazz
0.248213991522789,0.0502115897834301,1352.8036058269497,1714.9929557825178,Jazz
0.2891766130924225,0.0271197240799665,1171.224447700379,1678.1946156250287,Jazz
0.432706743478775,0.0479769669473171,2915.0177020585525,2420.4212119217423,Jazz
0.2015175372362136,0.0505065098404884,1451.871047146894,1920.3765068791472,Jazz
0.2211409360170364,0.0878012329339981,1988.66227247294,2100.235633603968,Jazz
0.3489882946014404,0.058865163475275,2034.4791911403088,2084.5436699007887,Jazz
0.2682470977306366,0.0693780854344368,1697.83624497918,2065.790269524301,Jazz
0.2018175423145294,0.0319660268723964,1367.327324534305,1638.6647337098416,Jazz
0.3251491189002991,0.0406178161501884,1769.3925049758589,2113.399858635879,Jazz
0.2764922380447387,0.0487620569765567,1854.0264978659409,2096.24944688702,Jazz
0.3041545450687408,0.0363426692783832,2235.3435388941803,2259.22282872425,Jazz
0.2351758033037185,0.0295979473739862,1687.8695513922864,1763.0968791367047,Jazz
0.3110483586788177,0.0435978695750236,1752.7591105362628,1990.492028316805,Jazz
0.2807078957557678,0.0405316762626171,1521.904428660079,1909.544917486724,Jazz
0.2739723622798919,0.0697943046689033,1169.1448171797706,1498.232421706662,Jazz
0.3116997182369232,0.1300726234912872,1759.4867450719505,1779.5990078009315,Jazz
0.264600396156311,0.0914916545152664,844.084418057831,1104.4207355264396,Jazz
0.3223933279514313,0.0805591121315956,1481.5685870584466,1412.025521594513,Jazz
0.2848585546016693,0.1066372096538543,1276.1951764985067,1570.0682663446166,Jazz
0.2856655418872833,0.0977999866008758,1554.62361446986,1775.4348322951082,Jazz
0.2476295530796051,0.0822723060846328,1310.9313477916075,1445.8336980232252,Jazz
0.2367005050182342,0.1380760669708252,1316.853502123741,1475.3003117100254,Jazz
0.3081498444080353,0.0782661959528923,1617.4430355139357,1568.4510182808965,Jazz
0.285060703754425,0.0995189324021339,1344.255958961266,1548.7357027517733,Jazz
0.2540090084075928,0.1117653548717498,1761.3227471160717,1793.347173704999,Jazz
0.2764832377433777,0.086513765156269,1004.6109540451954,1247.3588202034605,Jazz
0.2786840498447418,0.1003565266728401,937.421761556774,1187.0945406867943,Jazz
0.2504926323890686,0.1105082482099533,1295.1814266977444,1446.187645758544,Jazz
0.3585662245750427,0.0539100803434848,1981.662203208472,2144.7240751099484,Jazz
0.2825996577739715,0.058675967156887,1748.4005518696763,1947.947113931981,Jazz
0.2099412679672241,0.1843590587377548,2049.640520145851,2467.069224646155,Jazz
0.4100870788097381,0.1905163824558258,2485.940907807433,2760.0152692222937,Jazz
0.2739872634410858,0.0697959139943122,1193.266213463629,1559.023627220141,Jazz
0.3662376403808594,0.1884319931268692,2289.574755840761,2592.495164942463,Jazz
0.3117163181304931,0.13009575009346,1804.590752965,1861.6187338459688,Jazz
0.2782703042030334,0.1623940020799636,1670.233116562232,2109.438546025433,Jazz
0.2645995318889618,0.0914908722043037,871.4359865873053,1204.8352414096294,Jazz
0.3726732730865478,0.198367491364479,2976.3467583667048,3035.9715294554844,Jazz
0.23416768014431,0.0781357884407043,1378.5242743547162,1773.6764040126286,Jazz
0.322403222322464,0.080562025308609,1545.494758082446,1580.2640965475446,Jazz
0.3164076209068298,0.182438462972641,1391.4736421751793,2132.913878836133,Jazz
0.2848820388317108,0.1066514924168586,1427.4008895726513,1886.8274278617805,Jazz
0.3702608644962311,0.2318897992372512,2454.9053024959994,2656.832951090179,Jazz
0.2857098579406738,0.0978209674358367,1725.4169334350547,2090.801570152939,Jazz
0.3828101754188537,0.1625447869300842,2481.389015092891,2688.307310573892,Jazz
0.379881739616394,0.2121071219444275,1574.6463671829852,2069.285703526503,Jazz
0.247623011469841,0.0822727605700492,1337.4754415369662,1518.245530938789,Jazz
0.2577684819698334,0.1729393452405929,1579.4904385281918,1854.0441353693247,Jazz
0.2367195338010788,0.1380803883075714,1353.6838211633806,1566.36278487432,Jazz
0.2850633263587951,0.0995205119252204,1381.9736111236975,1642.0034563864149,Jazz
0.2541193664073944,0.1118093505501747,2011.4676640409407,2227.9945717089186,Jazz
0.2765007615089416,0.086521066725254,1116.2165448685432,1543.6865056572144,Jazz
0.2772738635540008,0.1003571823239326,970.8828229986416,1300.5303528296135,Jazz
0.2504917979240417,0.1105086132884025,1336.1537045530652,1554.2495044714958,Jazz
0.3322758972644806,0.1332083791494369,2967.7774637881503,2921.8216753512424,Jazz
0.2948867380619049,0.1127549186348915,2415.0343920865366,2552.783439683441,Jazz
0.2936961948871612,0.1469711363315582,2902.086088336836,2854.682004941953,Jazz
0.3032039701938629,0.1191559806466102,1733.471675696404,2067.7714401163794,Jazz
0.3073877692222595,0.1457840502262115,2777.8587057732875,2691.2281622864225,Jazz
0.2661226093769073,0.1192288845777511,2503.275005368403,2598.2944152622854,Jazz
0.3383476138114929,0.0698500722646713,2634.0430299917653,2728.240132577326,Jazz
0.3706232905387878,0.0757411792874336,3029.3823831428363,2829.0488037484456,Jazz
0.441748708486557,0.0432482883334159,3026.6071391311207,3302.303169556602,Jazz
0.4014523327350616,0.047837384045124,3905.044386155029,3328.972306763524,Jazz
0.4293185174465179,0.0743442177772522,3392.946994330004,3147.3472242700414,Jazz
0.3929894268512726,0.051700159907341,2875.0816780868668,2802.921671135841,Jazz
0.3253361582756042,0.0714314505457878,2860.571859084941,2566.129935657497,Jazz
0.3374767303466797,0.0524224266409873,4135.664563787816,3220.570623598768,Jazz
0.3424496650695801,0.0458120107650756,1846.4665678239703,2731.1479954564866,Jazz
0.2909663319587707,0.0915928557515144,2427.985227066133,3006.962447395897,Jazz
0.2804654538631439,0.0450529716908931,1787.421408534767,2485.188703761451,Jazz
0.2700247466564178,0.0613810829818248,1875.0101213777216,2569.423294708986,Jazz
0.2310152798891067,0.040928941220045,2959.1430079205684,2832.772659411977,Jazz
0.270171582698822,0.0535671785473823,2215.1958084364232,2795.037566915897,Jazz
0.2694237232208252,0.045303538441658,2152.894239308219,2775.4944870608188,Jazz
0.2373483628034591,0.0397918000817298,1077.231527758896,1539.436788570548,Jazz
0.3112347424030304,0.0681818127632141,1854.556905314616,2215.5924980468526,Jazz
0.2987700402736664,0.0444198995828628,1873.8333017207992,2083.7065203560187,Jazz
0.2240491509437561,0.0211866870522499,1176.1814458173892,1753.6408446520547,Jazz
0.3275933861732483,0.0601615123450756,1885.6010988665785,2230.7892083865463,Jazz
0.2959117889404297,0.0392688773572444,1492.234676256941,2014.187545966893,Jazz
0.4877155423164367,0.1161254942417144,3274.488271384068,2722.524604006416,Jazz
0.4769029319286346,0.0972979962825775,2922.845195379586,2620.939219715653,Metal
0.4324153363704681,0.1328103244304657,2198.91800633662,2006.406468235396,Metal
0.4875539243221283,0.1501832157373428,2752.2646167726643,2205.7866880004035,Metal
0.6347662210464478,0.0634756162762641,3403.073174163196,2825.134866567068,Metal
0.4224428236484527,0.1218812093138694,2464.467489365532,2204.451704221089,Metal
0.434032678604126,0.0504724979400634,3236.9253404981546,2572.7490337057657,Metal
0.5814295411109924,0.069499060511589,2939.4668442664474,2522.70001547856,Metal
0.4666092991828918,0.0584056191146373,2966.078583206234,2758.997544776682,Metal
0.527148962020874,0.3128473162651062,2250.699842376685,2389.9950783959225,Metal
0.5418518781661987,0.118153840303421,3048.820089168163,2358.877154542257,Metal
0.5109512805938721,0.2307636886835098,2699.885484322395,2240.112665444874,Metal
0.605013370513916,0.1143190711736679,2803.03178756064,2183.172460037286,Metal
0.6362097263336182,0.0863340124487876,3047.5527888502347,2303.472493046992,Metal
0.5526264309883118,0.0775967389345169,2877.389183798178,2101.27306262244,Metal
0.485148012638092,0.1109639182686805,2986.7188508507816,2458.8782048643843,Metal
0.5019341111183167,0.2697980403900146,2743.48907620867,2140.623028954606,Metal
0.581032395362854,0.113819919526577,2657.012956530189,2337.8260633367604,Metal
0.5555548071861267,0.1184369996190071,2291.64900273961,1583.7674254232825,Metal
0.5552319288253784,0.1009232029318809,2699.282252821042,2324.1849051765826,Metal
0.4959586858749389,0.1173624247312545,2657.912854405968,2345.662472141994,Metal
0.5255270004272461,0.1084671169519424,3046.5780317888,2324.129086766455,Metal
0.3700182437896728,0.1988551318645477,2218.7437059827034,2226.2676980681827,Metal
0.5272496342658997,0.1952975541353225,2575.0973006339213,2236.605277593806,Metal
0.4787251949310303,0.2315323054790496,2410.798727286869,2227.6364517092607,Metal
0.4655370414257049,0.1004830226302146,2384.552716223428,2072.742495456691,Metal
0.4846100509166717,0.1382115483283996,2870.818646828689,2126.733590767815,Metal
0.4747161269187927,0.1650902032852172,2398.074361760819,2218.677678747826,Metal
0.4810055494308471,0.1441461592912674,2789.3767914768746,2247.642766405976,Metal
0.4409674704074859,0.0890285894274711,2954.9848088733656,2478.290264173336,Metal
0.4625313282012939,0.230341151356697,1525.0429798194884,1867.3408730590943,Metal
0.4462625384330749,0.2205635011196136,2566.8139525492043,2408.5656547180183,Metal
0.436501145362854,0.1365538239479065,2502.8708397269183,2134.268997812683,Metal
0.4802482426166534,0.2568500638008117,2030.38171552848,1929.57622480711,Metal
0.4069330096244812,0.0905107855796814,2706.984946217761,2234.8153071851725,Metal
0.5013971328735352,0.2708441317081451,2836.907115108013,2339.362822922689,Metal
0.5190619826316833,0.1122196242213249,2685.529888139436,2317.3981532242587,Metal
0.3958281576633453,0.1120336204767227,2292.3824232586726,2149.2989810829604,Metal
0.4703927040100097,0.1459657251834869,2690.6585796166046,2118.668125593337,Metal
0.37920942902565,0.1543120890855789,2097.998518671556,2061.2809587551906,Metal
0.509268581867218,0.1046234518289566,2710.794744860545,2195.0417690714,Metal
0.4561342597007751,0.0976094603538513,2269.128008899588,1928.9535377333293,Metal
0.4366719126701355,0.0936629250645637,2464.278689901676,2037.656687737141,Metal
0.4382746517658233,0.0904983580112457,2683.280386988599,2126.811373606197,Metal
0.4696050882339477,0.0954359248280525,2759.977419555069,2242.517138603588,Metal
0.4302144348621368,0.0880644395947456,2390.2572245084216,2027.6980321782987,Metal
0.4824357032775879,0.2124964147806167,2795.223326642268,2321.669987177724,Metal
0.4310552775859833,0.2175908237695694,2908.2814309477026,2286.28088518497,Metal
0.4770068526268005,0.224511831998825,2889.194292081924,2337.5931690147613,Metal
0.5244612097740173,0.2176125645637512,2980.0103977749773,2297.3787612890023,Metal
0.5023053884506226,0.249073639512062,2986.747383116985,2408.5550916536536,Metal
0.5167288184165955,0.226272776722908,3400.9162889767745,2458.5923457533404,Metal
0.5337420105934143,0.2399416863918304,2716.988683950551,2209.014598681589,Metal
0.492827445268631,0.2274986058473587,2906.766678996684,2374.746552408748,Metal
0.510459303855896,0.2071897685527801,3113.6998168246023,2411.5271747420848,Metal
0.4993704855442047,0.2325936704874038,3108.487824305776,2361.554632416064,Metal
0.4635229110717773,0.24293814599514,3010.9544455574965,2386.809861638862,Metal
0.4875595271587372,0.2071970850229263,2718.60916253544,2271.3780215654297,Metal
0.4615266025066376,0.1845526844263076,2459.4994227321545,2221.3928426175803,Metal
0.467629611492157,0.1823669821023941,2442.474784578183,2102.9384360718027,Metal
0.5403491258621216,0.1257605850696563,2315.317248126811,2066.6519523654665,Metal
0.509268581867218,0.1046234518289566,2710.794744860545,2195.0417690714,Metal
0.4561342597007751,0.0976094603538513,2269.128008899588,1928.9535377333293,Metal
0.4366719126701355,0.0936629250645637,2464.278689901676,2037.656687737141,Metal
0.4382746517658233,0.0904983580112457,2683.280386988599,2126.811373606197,Metal
0.4696050882339477,0.0954359248280525,2759.977419555069,2242.517138603588,Metal
0.4302144348621368,0.0880644395947456,2390.2572245084216,2027.6980321782987,Metal
0.4691706299781799,0.1362957805395126,2254.453491483354,2070.84762257158,Metal
0.4630442559719085,0.0983773991465568,2302.4995638302203,2069.5767558866987,Metal
0.4541178047657013,0.173666700720787,1740.722850474946,2098.489934272952,Metal
0.4147362411022186,0.0488493032753467,2743.0559849236097,2450.890329748996,Metal
0.4800001680850982,0.1153501942753791,2807.79446083876,2407.5245531596624,Metal
0.445193350315094,0.19440858066082,2339.71490773828,2151.9826822614964,Metal
0.430024117231369,0.2935759425163269,2642.018426218921,2461.2757064470134,Metal
0.4834923446178436,0.0408509783446788,2725.2945982809947,2400.109346288696,Metal
0.448445975780487,0.2447736859321594,2068.35558669801,2199.3259221768462,Metal
0.4960103631019592,0.0969377681612968,2792.4885971477734,2250.6666555705497,Metal
0.4408455491065979,0.1491502523422241,2740.9209907125605,2301.9124493607424,Metal
0.5337368845939636,0.2696712017059326,2814.9780630970536,2548.0114095311465,Metal
0.4724055528640747,0.1274256110191345,2710.543163287028,2264.3131374347827,Metal
0.4970466494560241,0.1399349868297577,2847.5704575460013,2497.342220874749,Metal
0.5177817344665527,0.1904101967811584,2137.9207709952907,1970.5507234861543,Metal
0.5132454037666321,0.1316424757242202,2378.350841949206,2092.3184610575004,Metal
0.4575085043907165,0.2087118625640869,2340.639542263814,2140.4256189242783,Metal
0.4805833697319031,0.229849100112915,2522.065033455784,2275.5778002247007,Metal
0.4412083625793457,0.1519908308982849,2646.949772161141,2256.512442113986,Metal
0.4344843924045563,0.0883041843771934,2629.810643069209,2248.715153766923,Metal
0.5165466070175171,0.2673795223236084,3338.581900165852,2697.128635980568,Metal
0.4214829504489898,0.133361130952835,1988.223472858787,1986.9273548072345,Metal
0.455715924501419,0.2661418318748474,1443.3314125513104,1726.236470918401,Metal
0.4269870221614837,0.1466410607099533,2141.4053031675107,2217.519800099481,Metal
0.380120038986206,0.116040863096714,2323.458546158964,2263.6915960579618,Metal
0.3419084548950195,0.166333869099617,2089.9710575936288,2065.151008557002,Metal
0.4444195032119751,0.0920236930251121,2644.6969887497257,2268.001346677832,Metal
0.4069330096244812,0.0905107855796814,2706.984946217761,2234.8153071851725,Metal
0.529181718826294,0.1854469627141952,2446.267670780378,2331.01012759434,Metal
0.5183818936347961,0.1882441043853759,2493.5017806909627,2286.511920610882,Metal
0.4919320046901703,0.1860910356044769,1983.7690774970563,2112.3825713028427,Metal
0.5098985433578491,0.139011725783348,2241.000417992825,2115.8877441357504,Metal
0.5163367390632629,0.1701881736516952,2375.608157469717,2231.9579698153902,Metal
0.3896313905715942,0.1859171986579895,3421.887738231055,3409.775604549814,Metal
0.4129931032657623,0.2625790238380432,3702.1051113435374,3431.856264418828,Pop
0.4177713096141815,0.2151719182729721,3214.086840224995,3269.678965875271,Pop
0.4098120331764221,0.1294217556715011,1836.9566906485368,2066.669705239984,Pop
0.384295791387558,0.2111753672361374,2753.1207913397066,2861.501506792945,Pop
0.3232190310955047,0.1396899372339248,2289.8507818925104,2436.032087862001,Pop
0.37448450922966,0.0939896553754806,2125.0853874551503,2673.5955048450155,Pop
0.2516510486602783,0.0843669176101684,1967.7656068674155,2326.177578238403,Pop
0.4038000106811523,0.1955829262733459,2884.5679581951435,3009.484826931914,Pop
0.4545925855636596,0.1597499698400497,3279.471504365256,3026.219550558377,Pop
0.3779938817024231,0.184090718626976,1900.2750336540544,2419.830426344128,Pop
0.2256802916526794,0.0558131970465183,2199.986802126694,2579.3557548205536,Pop
0.3856168985366821,0.164256751537323,2679.202578399322,2661.733795569298,Pop
0.3561826050281524,0.1731069982051849,2149.8435530205134,2917.4376298743546,Pop
0.4258222579956054,0.0780896618962287,1997.7080512535224,2291.1634938897946,Pop
0.3868449330329895,0.1961047500371933,3207.60813767593,3125.941264017169,Pop
0.3886303901672363,0.1466253697872162,3488.787937184916,3205.232712081499,Pop
0.4353023469448089,0.14316326379776,2789.486477414536,2795.8198553140323,Pop
0.4099820256233215,0.2076127082109451,3433.855740239845,3405.7537457519697,Pop
0.3764708936214447,0.2110857665538787,3131.346385563002,2945.030707945696,Pop
0.4124656617641449,0.2481066286563873,3486.337770783213,3132.0021415925803,Pop
0.5046238303184509,0.1936593502759933,3501.713729028072,3027.178552214869,Pop
0.3868779242038727,0.1960965245962143,3206.738942875486,3126.229970930906,Pop
0.3934564590454101,0.2108171731233596,3758.647452676804,3293.503936570646,Pop
0.4110246300697326,0.2075141668319702,3300.9350734679483,3175.421200574934,Pop
0.3303054571151733,0.1897238045930862,2927.7783293727703,3200.761946639394,Pop
0.3348937332630157,0.1957020461559295,2525.419447006276,2848.4279666097614,Pop
0.3775529861450195,0.1579975932836532,2682.251387102456,2923.921604160924,Pop
0.3494138717651367,0.1946985870599746,2945.8558943760954,3051.28425170476,Pop
0.3546701371669769,0.2342047095298767,2988.388516235544,3142.9532795565933,Pop
0.3576558828353882,0.2032442837953567,3070.608037938161,2975.765840313924,Pop
0.3660810589790344,0.1984832882881164,3110.8659582597097,2992.001959976244,Pop
0.4267593622207641,0.0979264229536056,4225.533439474343,3404.422292237888,Pop
0.4231001734733581,0.1400063037872314,2835.1038145262232,2731.7189553176486,Pop
0.340908408164978,0.1877147555351257,3141.45510448394,3230.5607181724404,Pop
0.411972165107727,0.2824675738811493,3193.941233886228,3052.7078543603343,Pop
0.3945035338401794,0.2567798197269439,2944.261533132485,3162.398744093046,Pop
0.4518249630928039,0.2409848719835281,3238.2154715160823,2954.12641407144,Pop
0.4004113376140594,0.221757099032402,3267.551920233531,3014.277538652153,Pop
0.3840938210487366,0.2798377573490143,3934.518523690269,3509.6464174330176,Pop
0.2922639548778534,0.1993281692266464,1962.0368011629569,2325.0132061221416,Pop
0.2822928130626678,0.0833805426955223,2053.1429489030347,2559.1413178152293,Pop
0.3794742226600647,0.2235752195119857,3001.428507894371,2971.8454328641974,Pop
0.4735019505023956,0.2544040381908417,2702.8930022939903,2725.880645779584,Pop
0.4560149013996124,0.2228571474552154,3145.6447945186555,3017.327608634256,Pop
0.4127332270145416,0.2023292332887649,2843.3425541211486,3039.5273290967057,Pop
0.4150954484939575,0.2034823894500732,2838.4761119256373,3045.879913648057,Pop
0.4333444535732269,0.215909406542778,3151.614023540828,3220.4645763361204,Pop
0.4650911688804626,0.1566464155912399,4052.6373591950255,3426.408610232233,Pop
0.3226750195026397,0.1475192159414291,1988.137357503936,2580.4010220039904,Pop
0.4139011800289154,0.2083773910999298,3046.627866981101,3095.268976575135,Pop
0.4470517933368683,0.2132604718208313,4157.906085846783,3451.4501954461234,Pop
0.5228059887886047,0.3216504454612732,3663.415435795096,3276.45213343556,Pop
0.2772647738456726,0.1722459942102432,2638.5701272363926,2753.510474420772,Pop
0.3902797102928161,0.2734798491001129,3497.602315597327,3294.747554237242,Pop
0.432717889547348,0.240791767835617,3941.262858171091,3361.748634491607,Pop
0.472920149564743,0.2500775456428528,3682.386204716246,3222.448442421457,Pop
0.5185154676437378,0.3294355869293213,3672.815530599328,3279.6412587985383,Pop
0.3401432335376739,0.1674077808856964,2938.985925234758,2629.059704032184,Pop
0.4753601253032684,0.2519808709621429,3729.1849926827167,3224.4397749979244,Pop
0.3902797102928161,0.2734798491001129,3497.602315597327,3294.747554237242,Pop
0.455635517835617,0.2208293229341507,2949.6104932610165,2908.8356463960204,Pop
0.3297938406467438,0.3979733884334564,2467.91237716609,2624.842482133564,Pop
0.3166565597057342,0.1261805742979049,1826.475340966756,2294.5263537283768,Pop
0.3464844524860382,0.1692357659339904,3647.752645607104,2886.937475126188,Pop
0.3458685278892517,0.133531853556633,2519.2288395541555,2684.2736178034456,Pop
0.3541978299617767,0.2434252649545669,2844.878578612824,3219.559812134829,Pop
0.4472509622573852,0.1915220618247985,3888.8598067300495,3270.966516722625,Pop
0.4073712527751922,0.2456692904233932,3263.0090728278155,2931.301389701837,Pop
0.4968241453170776,0.2156176418066024,2327.2450003562485,2516.662861183353,Pop
0.4372089207172394,0.1677791476249694,3141.673324808512,3000.1537589999,Pop
0.4472509622573852,0.1915220618247985,3888.8598067300495,3270.966516722625,Pop
0.4805845320224762,0.2344370037317276,2568.3949376929468,2558.825963702504,Pop
0.4235336184501648,0.2599214315414428,3669.7092208752665,3295.0756887635034,Pop
0.349366694688797,0.2104721665382385,3420.34060300467,3369.285281958865,Pop
0.4094218015670776,0.1857251524925232,3644.694466254408,3200.818486282419,Pop
0.4755780100822449,0.2454110383987426,3543.2124126276863,3311.223987563169,Pop
0.4452453851699829,0.2311342805624008,4036.553102787921,3342.1846908549423,Pop
0.4547449648380279,0.2235710024833679,3123.151409862749,2970.246872098053,Pop
0.3519206941127777,0.0375656075775623,1994.8445931987608,2424.5978050966087,Pop
0.4335112273693084,0.2158303409814834,3151.2673078835624,3220.605672130617,Pop
0.370096355676651,0.0922275334596633,2246.1650466896363,2684.0722400547675,Pop
0.4620129466056824,0.2079898566007614,3168.8913468324995,3341.561494186556,Pop
0.2981829345226288,0.1430311203002929,2489.374962768822,2941.7728595512763,Pop
0.4090098440647125,0.1793378293514251,3263.2254008092204,3047.4226505628944,Pop
0.4438329339027405,0.1954854130744934,2516.409369986737,2465.9052863097804,Pop
0.3874507248401642,0.132542073726654,3593.788286205766,3171.031490728894,Pop
0.3522655367851257,0.1909877955913543,3588.133148349236,3336.606544622432,Pop
0.4313291907310486,0.234867051243782,3510.331686060388,3148.3844132018894,Pop
0.4371677935123443,0.2205909639596939,3399.94671576942,3070.423048167744,Pop
0.3532567322254181,0.1941543221473693,3603.717671971776,3334.252267164166,Pop
0.424491137266159,0.2653508484363556,3694.8948636995938,3245.8658270102183,Pop
0.4873104095458984,0.2271140366792678,3270.0834291515685,2988.7082833405943,Pop
0.4152977466583252,0.2458421736955642,3259.390158151669,3144.4652206484525,Pop
0.3330596685409546,0.1987637430429458,2806.820283529045,2858.2055319531223,Pop
0.3658831119537353,0.3038273453712463,3047.54489379022,3306.89527291832,Pop
0.3398990631103515,0.2512606978416443,3126.642118893024,3162.858788140159,Pop
0.4669703841209411,0.2043813019990921,3508.7865369019805,3309.980254901567,Pop
0.3997274339199066,0.2131745368242263,3633.050971818624,3133.7309521136176,Pop
0.3603874146938324,0.1381710171699524,2765.2497466766963,3222.519009922248,Pop
0.3291369378566742,0.0941543951630592,2133.2003820783343,2289.5401044933483,Pop
0.3489600718021393,0.0820204839110374,1638.9074391417607,1995.2014905366875,Reggae
0.3785355687141418,0.0924808382987976,1796.838298830363,2103.089978515638,Reggae
0.3914099335670471,0.0942262783646583,1923.341463537928,2107.91157787232,Reggae
0.4019632935523987,0.101106621325016,2009.585992171906,2141.377601633613,Reggae
0.3647911548614502,0.1003588587045669,1798.3642545435855,1964.187861193938,Reggae
0.3424016535282135,0.105104312300682,1417.8371180079043,1704.350703635335,Reggae
0.3860585987567901,0.0906154438853263,1754.0530459738538,2026.2248244688667,Reggae
0.3688347041606903,0.1020125225186348,1691.2049386238136,1963.132861229478,Reggae
0.3831111788749695,0.0867024362087249,1609.7020525109226,1990.7789824965632,Reggae
0.2947898209095001,0.0616589970886707,2149.049179492621,2036.555526352134,Reggae
0.4185313582420349,0.0784080773591995,1995.1642434287544,2295.6682016065183,Reggae
0.4271959960460663,0.0755806416273117,2300.043392499162,2303.825494744423,Reggae
0.3621101975440979,0.1116645857691764,1608.5610274912588,1975.641149736864,Reggae
0.3951367735862732,0.1142461150884628,1716.249593551714,2062.885827356198,Reggae
0.3585122227668762,0.1318986862897873,1923.059128288561,2314.067951513547,Reggae
0.4193257093429565,0.1856429874897003,2118.7683462374644,2303.4496912941327,Reggae
0.4257884323596954,0.1397986710071563,1803.774378044233,1973.4189031589624,Reggae
0.394664317369461,0.1064309999346733,1907.5162410949945,2124.67117694195,Reggae
0.3941124677658081,0.1386887729167938,1753.9362398405503,2068.2620053448472,Reggae
0.3707419335842132,0.1393103897571563,1637.740972001881,2046.4237095725928,Reggae
0.3900806903839111,0.1551784127950668,2006.893096207641,2120.341046515562,Reggae
0.455531895160675,0.1822372376918792,2058.821621430556,2227.1872891271264,Reggae
0.4286347925662994,0.1078732535243034,2354.78033338549,2336.461429575172,Reggae
0.3486984968185425,0.1237392947077751,1811.2349342438188,2019.561698123324,Reggae
0.362441748380661,0.1268408894538879,1708.9236968335272,1899.1874349229715,Reggae
0.4028725624084472,0.1343516856431961,1840.873487586597,2054.48498730072,Reggae
0.4037153124809265,0.1279077380895614,2086.325810192421,2318.2738495476897,Reggae
0.4876892268657684,0.0728656351566314,1640.7028906713726,1907.1946099767204,Reggae
0.4288546144962311,0.1038744002580642,1585.037771718658,2126.793156902725,Reggae
0.4876909554004669,0.0804718360304832,1814.0413745530243,2188.047407046067,Reggae
0.4900420904159546,0.0920432731509208,1579.8064471159307,2022.422829084344,Reggae
0.4869205057621002,0.063911072909832,1510.6867183689144,1850.434782544207,Reggae
0.4465847015380859,0.074233204126358,1615.9375128457352,2062.9431421224617,Reggae
0.4706397950649261,0.0824811458587646,1291.3256533234212,1746.6323501736913,Reggae
0.4583842158317566,0.0732481852173805,1699.040890110194,2030.118820929098,Reggae
0.4346485435962677,0.0799843668937683,1810.9528625566488,2166.280663596208,Reggae
0.517600953578949,0.0864923521876335,1709.758011553598,2068.26378980408,Reggae
0.3737063705921173,0.0758205354213714,1700.9060671086115,2000.3556228344287,Reggae
0.5073733925819397,0.1038218513131141,1312.2553869249211,2137.4244201165,Reggae
0.3025429844856262,0.039069078862667,2032.3811629087336,1850.4901208719405,Reggae
0.3736555576324463,0.1199925765395164,1930.2323260584533,2204.904558870008,Reggae
0.4334669411182403,0.0713108628988266,2479.6656661783977,2521.328371259939,Reggae
0.3347341120243072,0.1107073873281478,1484.715975682295,1644.1125947529815,Reggae
0.4492127001285553,0.1525107771158218,2455.3491789435293,2821.1684891747145,Reggae
0.4576181471347809,0.0912401154637336,4282.077748119587,3111.941275152179,Reggae
0.3242886364459991,0.0934906080365181,2322.1698475078733,2592.6496472130007,Reggae
0.342572271823883,0.1092993095517158,2477.7986525615497,2309.800344582826,Reggae
0.3901774287223816,0.120221734046936,2672.85191269513,2549.7905180017115,Reggae
0.3707194328308105,0.1329795122146606,2322.0631709816244,2803.7549095790005,Reggae
0.4600170254707336,0.1310304850339889,2954.8185788567075,2690.155876976681,Reggae
0.569505512714386,0.1175030395388603,4273.650128634408,2876.274872653677,Reggae
0.5022619962692261,0.1899878978729248,3289.023545845818,3253.310613903925,Reggae
0.4692222774028778,0.0630843862891197,2003.67257472427,2296.347168725445,Reggae
0.396361380815506,0.0969164967536926,2542.615358340512,2726.3477239527792,Reggae
0.4617610573768616,0.1129470691084861,2525.3329292989506,2839.713227256524,Reggae
0.370393306016922,0.1005154848098754,2173.790199981531,2460.293289414361,Reggae
0.3728790879249573,0.1033797860145568,2169.0749851424653,2576.46539579003,Reggae
0.3717370629310608,0.0911910906434059,2630.978528430863,2827.50824672709,Reggae
0.3758556842803955,0.1264568567276001,2671.459793472698,2716.5596232472026,Reggae
0.2990815937519073,0.0258264616131782,2395.488968974987,2300.5325757767164,Reggae
0.395485520362854,0.1810396611690521,3123.746872746035,2918.389432370464,Reggae
0.444963276386261,0.0573294609785079,2112.422850072568,2595.0019131845297,Reggae
0.416079431772232,0.0976017117500305,1910.70451656415,2115.320453968115,Reggae
0.4166658520698547,0.2678528130054474,3094.390952143788,3136.002321015292,Reggae
0.3758746087551117,0.2981976866722107,2081.122071364067,2264.7224331340813,Reggae
0.3893249630928039,0.1291678249835968,1628.9791058659616,1886.163412866783,Reggae
0.3960725367069244,0.1401448249816894,1728.2543051766754,2361.404748536926,Reggae
0.3585075139999389,0.0953584238886833,2104.4628968567395,2311.178742326257,Reggae
0.3626292049884796,0.1258050352334976,2460.2803864725665,2682.8583691324447,Reggae
0.3807733952999115,0.1491104662418365,2288.3676811914866,2533.797444006217,Reggae
0.4087685346603393,0.1508352905511856,3110.220722839697,2852.7354961001915,Reggae
0.4328457713127136,0.1429285407066345,3089.6371845235235,2973.703815257323,Reggae
0.4493522942066192,0.192260593175888,2152.029696439789,2666.325929191672,Reggae
0.4543463587760925,0.1922519207000732,2148.196262118475,2665.1022043465505,Reggae
0.3896530866622925,0.1709813177585601,2481.3804941498192,2323.998325431332,Reggae
0.4405545592308044,0.2108802646398544,2456.1378121301186,2559.8220808021674,Reggae
0.3954067230224609,0.1165787652134895,1777.8395856871614,2173.800932540127,Reggae
0.4527458250522613,0.0943592116236686,2316.624696854046,2334.614681131119,Reggae
0.4762426614761352,0.0806602835655212,3002.494625958869,2214.0212968413875,Reggae
0.4769255816936493,0.195714920759201,2539.12100915184,2644.362515873512,Reggae
0.4733887314796448,0.1795402020215988,2566.692787337276,2629.5151145272,Reggae
0.4733887314796448,0.1795402020215988,2566.692787337276,2629.5151145272,Reggae
0.3267011940479278,0.0568159483373165,1366.30603509098,1736.6468906938685,Reggae
0.3226285278797149,0.1142719164490699,1787.7487857416345,2120.4404596330965,Reggae
0.3959366977214813,0.1195923686027526,1796.8287818453114,1649.267489517139,Reggae
0.6636846661567688,0.3510546386241913,4435.243900599968,2844.2252446099824,Reggae
0.3875852227210998,0.2077828794717788,3296.900340202879,3065.0717474227768,Reggae
0.3755420446395874,0.1200908124446868,3881.126022753153,3361.7991841177823,Reggae
0.3694607317447662,0.1514499187469482,1052.2093289413267,1401.0783766385784,Reggae
0.4698793888092041,0.144260972738266,2868.2336817872942,2676.1258672321205,Reggae
0.3979016244411468,0.0688775703310966,2313.837204027342,2179.842953889005,Reggae
0.398761123418808,0.0922209918498992,2170.5445047828625,2054.4659857534366,Reggae
0.3709806501865387,0.1071291342377662,2108.899077245422,2526.9446064031963,Reggae
0.3656037449836731,0.1347530484199524,2022.476850347564,2129.8378919153606,Reggae
0.4242840409278869,0.1623404175043106,2617.024682539929,2787.436335957544,Reggae
0.4163390100002289,0.1622295975685119,1629.7999503085323,1577.9775335292209,Reggae
0.2719774544239044,0.1107461676001548,2006.892211471692,2110.835219408365,Reggae
0.4100386202335357,0.1392030864953994,2026.298986070191,2398.102837187365,Reggae
0.4311060607433319,0.1801769435405731,2467.092359992306,2006.39110816686,Reggae
0.3875771164894104,0.1291273534297943,1996.327664393569,2097.080527547891,Reggae
0.3653957545757293,0.180469661951065,1529.474960625274,1845.6148917301423,Rock
0.4368056058883667,0.1486621499061584,1875.3156310172185,1983.9737890802328,Rock
0.3799488842487335,0.1512994766235351,1421.445979717574,1902.6784665147325,Rock
0.3727978765964508,0.2087391763925552,1345.6930613276418,1841.6748085310576,Rock
0.3767348229885101,0.2038401514291763,1542.1318211375356,1591.7341647634237,Rock
0.3445342779159546,0.1800919771194458,1676.1187569165345,1653.832825402168,Rock
0.3591925799846649,0.1570971459150314,1282.1659089735392,1729.5183680983143,Rock
0.4087803363800049,0.2609431445598602,1717.1319766865513,1842.451812543477,Rock
0.3762708008289337,0.1282487213611602,1181.2313375423405,1607.5045113960189,Rock
0.3982411921024322,0.1535139679908752,1857.9488683792245,2182.3372517358093,Rock
0.3432268500328064,0.123415820300579,1537.5906799015593,2037.4465260691763,Rock
0.3388158977031708,0.0759164616465568,1863.6767997588177,2067.3647995047863,Rock
0.4403674900531769,0.133714959025383,1597.531261046634,2238.4402832248616,Rock
0.3806427717208862,0.0536599047482013,1937.0466391538591,2008.418219633308,Rock
0.3437314331531524,0.082304835319519,2335.5626669025687,2098.9040134877414,Rock
0.4615266025066376,0.1845526844263076,2459.4994227321545,2221.3928426175803,Rock
0.4188845157623291,0.1660961508750915,2312.16028506826,2061.0116954603363,Rock
0.4802930355072021,0.1407261490821838,2209.043075640221,2142.7051842876067,Rock
0.4358674585819244,0.1122645884752273,2321.18947931781,2118.855222406433,Rock
0.3979596793651581,0.1525495648384094,2188.143059972821,2120.361766639533,Rock
0.3929155468940735,0.1615190356969833,2158.2060420913685,2060.7997983300656,Rock
0.4157696068286896,0.1739187240600586,2342.440835994473,2113.03859330357,Rock
0.2942066788673401,0.1357575953006744,2294.785906674184,2207.0114781032325,Rock
0.4050623476505279,0.1566424816846847,2320.3026430769382,2044.849706534528,Rock
0.4150352776050567,0.1491993367671966,2510.2309899138795,2115.318540963085,Rock
0.3832652568817138,0.1527195870876312,2263.155432001181,2150.1343895611294,Rock
0.4025291800498962,0.0792047902941703,2669.22560161555,2440.309175639267,Rock
0.4428023099899292,0.1388558596372604,2046.7124171448247,2069.9845717514618,Rock
0.4183725714683532,0.180164098739624,2445.028012751342,2434.018848357297,Rock
0.390347421169281,0.0965365618467331,2944.36059987096,2831.211162656776,Rock
0.3691340684890747,0.1262174397706985,2639.202418488209,2512.6776729910293,Rock
0.3831846415996551,0.221942201256752,2344.557639711626,2374.870288330456,Rock
0.3233828246593475,0.1279601603746414,1673.877573607038,1947.8924998890384,Rock
0.4215246438980102,0.1911093294620514,2788.250576344444,2648.300008566272,Rock
0.457205593585968,0.1241581365466117,1867.0823938993344,2422.01464866055,Rock
0.4279132783412933,0.2163953930139541,2850.226846254986,2621.669424488226,Rock
0.451825737953186,0.1134131997823715,2626.720259282235,2442.6025693699467,Rock
0.4115391075611114,0.2193866372108459,2794.957193727644,2633.9440022869453,Rock
0.4425903260707855,0.1443831771612167,2559.136373910091,2730.992873729278,Rock
0.4160886704921722,0.142934963107109,3009.95870728667,2778.049758129925,Rock
0.4021729230880737,0.1607728749513626,2806.851354542389,2688.058399266725,Rock
0.4444281458854675,0.1189985871315002,2794.815528556197,2732.148131217895,Rock
0.4201561510562897,0.1398583352565765,2739.3914429411548,2541.9339835576243,Rock
0.3116941154003143,0.1443563103675842,1651.4210859526786,2103.471127949069,Rock
0.3612337708473205,0.0969948023557663,1560.999791662259,1568.3083114814076,Rock
0.3614591956138611,0.1206800043582916,2429.031040621528,2502.187147828332,Rock
0.4613593220710754,0.1389689147472381,2997.724318055008,2691.218979858164,Rock
0.3216451108455658,0.1456114202737808,1646.2120742875447,1700.7996696798043,Rock
0.3962851762771606,0.1010172516107559,2077.9426068946104,2333.872696012749,Rock
0.3944814503192901,0.1413021236658096,1721.0884600743702,2312.3145902638166,Rock
0.368741363286972,0.1617597937583923,3031.033547083498,3055.515508495256,Rock
0.3406063318252563,0.1133979707956314,2186.622282256858,2448.823251535676,Rock
0.409180998802185,0.1902275085449218,3361.7232515596666,2933.0695625255,Rock
0.3466607928276062,0.0654837861657142,2632.220428269073,2550.0968218724747,Rock
0.4316467046737671,0.147184818983078,1712.3913159202511,2249.6966046524685,Rock
0.4883268177509308,0.1757503598928451,3303.16230950434,2913.5861724636466,Rock
0.390014111995697,0.1226449310779571,3488.554942688446,3241.6056538718703,Rock
0.3010640442371368,0.0874931141734123,2438.007049398,2790.267286242716,Rock
0.3394229412078857,0.0512103624641895,2424.136647569096,2927.100965169652,Rock
0.4055355191230774,0.1033264994621276,2796.5121705291363,2891.1325552715184,Rock
0.2998379170894623,0.0883533507585525,2071.3773180976523,2738.959855266697,Rock
0.319577008485794,0.0604832842946052,2947.0945067509,3203.4242569712314,Rock
0.3296822011470794,0.0530930683016777,1711.0402197518183,2308.723247302328,Rock
0.3743366301059723,0.1071058213710784,2181.21508104674,2181.018679811028,Rock
0.3952118158340454,0.1147321537137031,2294.1799286661003,2104.262107537013,Rock
0.3602112531661987,0.043010476976633,2209.483104262664,2175.0500246582487,Rock
0.3928094208240509,0.100266695022583,2414.1524666266187,2339.3380807012736,Rock
0.4019314646720886,0.0912129431962966,2467.2846541733365,2399.0227036195047,Rock
0.3114905953407287,0.0470169559121131,2568.419537198972,2345.0077751682225,Rock
0.3679714202880859,0.0541379004716873,2511.6038995554068,2244.9996435281323,Rock
0.4543407261371612,0.1610425561666488,2025.1566621224267,2215.3786034918608,Rock
0.4034349024295807,0.1654650568962097,1933.3485732197407,2211.314488684712,Rock
0.4585289061069488,0.169360265135765,2223.937480185976,2287.733702241294,Rock
0.3943926095962524,0.1538782268762588,2140.28934341281,2245.944001907389,Rock
0.4085943400859833,0.1269348263740539,2301.799132172464,2355.239840182318,Rock
0.3455831706523895,0.1458403617143631,1659.5793609914592,1953.25940804502,Rock
0.4553172290325165,0.128745749592781,2187.9774769670653,2350.874065187932,Rock
0.3580623865127563,0.1444203704595565,1878.5499522328,2204.9360327687336,Rock
0.3600420355796814,0.1167237982153892,2148.4104634928817,2107.165354983781,Rock
0.3686045110225677,0.1043839454650878,2606.182823508925,2318.7369513172825,Rock
0.3356615006923675,0.0936679393053054,2553.5270513645432,2219.053281595573,Rock
0.3826536536216736,0.0933402702212333,2975.8049828513485,2423.2738978652515,Rock
0.3787199556827545,0.1017275154590606,2116.2405499597658,2245.520377684671,Rock
0.3566778004169464,0.1068864613771438,2581.4688400794225,2376.1761138607603,Rock
0.3217203617095947,0.0630061626434326,2255.709363679899,2057.9332319157734,Rock
0.3909319639205932,0.0762890949845314,2521.2287252293986,2133.5466713711307,Rock
0.3928476274013519,0.1658434718847274,2334.498686202529,2208.043898238748,Rock
0.4082404971122741,0.0895827263593673,2590.730305970991,2078.7108590039347,Rock
0.3433387875556946,0.1052309349179267,1609.7388932606375,1815.875982771266,Rock
0.25570148229599,0.1547237634658813,2495.723201525459,2249.878669717205,Rock
0.4435068964958191,0.1082835793495178,2474.2574228047565,2123.3134567075813,Rock
0.4166245460510254,0.1069129779934883,2471.353262989943,2102.1553488865507,Rock
0.3434485793113708,0.1057792454957962,1939.7208381111168,1881.5151563218808,Rock
0.3893127739429474,0.101960077881813,2628.8637875540994,2210.47893563087,Rock
0.3520627617835998,0.0794857963919639,2008.149458480015,2106.541053323545,Rock
0.3986873626708984,0.0764582008123397,2006.8433535794888,2068.942008736943,Rock
0.4321420192718506,0.0816509798169136,2077.526598273495,1927.2931533601627,Rock
0.3624845743179321,0.0838599354028701,1398.6993438688792,1818.450279743917,Rock
0.3584013283252716,0.0544540286064147,1609.7950823242534,1797.2130440532244,Rock